proteine,moyenne_consurf_interface1,moyenne_consurf_interface2,moyenne_consurf_surface
1a16_inter.pdb,-0.23444615384615386,0.6107826086956523,0.003384615384615334
1a3c_inter.pdb,-0.5296206896551724,0,0.11213138686131384
1a4s_inter.pdb,-0.06835365853658534,0.41450877192982444,-0.04950274725274717
1ad3_inter.pdb,-0.05599186991869923,0,0.021318885448916344
1afw_inter.pdb,0.29998765432098773,0,-0.07861488673139161
1b9b_inter.pdb,-0.25304000000000004,0.5061764705882353,0.021881081081081253
1bfd_inter.pdb,-0.5303125000000002,0.16363513513513514,0.10990084985835687
1bo4_inter.pdb,-0.5112,0,0.21078350515463926
1db3_inter.pdb,-0.3782222222222223,0,0.03315584415584421
1dk4_inter.pdb,0.21905263157894742,0,-0.03887383177570095
1dq8_inter.pdb,-0.39272033898305075,0.12485454545454541,0.16177868852459018
1e3i_inter.pdb,0.1866458333333333,0,-0.027307926829268317
1e58_inter.pdb,0.138375,0,-0.01488789237668162
1eyi_inter.pdb,-0.3866393442622952,0.49467499999999986,0.016491304347826093
1f89_inter.pdb,-0.3925526315789474,0,0.06401716738197429
1f8f_inter.pdb,0.676159090909091,0.5686904761904764,-0.19432608695652173
1f8w_inter.pdb,-0.5372446808510637,0.5993333333333334,0.12281065088757391
1fo6_inter.pdb,-0.43305263157894747,0.4090249999999999,0.04061463414634146
1gv3_inter.pdb,-1.0435357142857142,0,0.1570913978494624
1inl_inter.pdb,-0.07718867924528303,0.22909302325581396,-0.030449735449735435
1j2r_inter.pdb,-0.36024324324324314,-0.18264,0.1420238095238096
1jsc_inter.pdb,-0.6217922077922077,0,0.10319181034482762
1lk5_inter.pdb,-0.19293333333333335,0.024128205128205148,0.03028125
1lvl_inter.pdb,-0.17884403669724766,0,0.055885386819484247
1m0s_inter.pdb,-0.07040000000000002,0,0.013396739130434826
1m3k_inter.pdb,0.008534246575342472,0.8720454545454543,-0.06668013468013462
1m41_inter.pdb,0.19695833333333335,0.38194871794871793,-0.10103734439834036
1mjf_inter.pdb,0.16612727272727285,0,-0.04235648148148159
1nf9_inter.pdb,-0.2605102040816327,0,0.08079746835443033
1non_inter.pdb,-0.531103448275862,-0.14768421052631575,0.16112389380530978
1pv9_inter.pdb,0.016137931034482834,0,-0.0033620071684587883
1qax_inter.pdb,-0.28614666666666655,0,0.1560690909090908
1qsm_inter.pdb,-0.32266666666666666,-0.21909090909090911,0.27562025316455707
1rli_inter.pdb,-0.6192222222222222,0.44354166666666656,0.057914285714285724
1t2a_inter.pdb,-0.30844444444444447,-0.1984545454545454,0.06391011235955059
1tvl_inter.pdb,0.21434444444444437,0,-0.06435999999999996
1ub3_inter.pdb,-0.031674999999999974,0.6151428571428571,-0.07770000000000002
1x77_inter.pdb,-0.48834374999999997,0,0.1100633802816901
2btm_inter.pdb,-0.27285714285714285,0,0.06617326732673273
3mds_inter.pdb,-1.0584642857142856,1.1736,0.03978709677419354
3pgm_inter.pdb,0.06358064516129032,0.7967142857142858,-0.10505617977528095
3r12_inter.pdb,-0.03061363636363631,0,0.006591133004926097
